Player,Pos,Receiving_Rec,Receiving_Yds,Opportunity,Team,Year,Next_Year,Team_Next_Year
David Boston,wr,32,512,5,crd,2002,2003,crd-2003
Anquan Boldin*,WR,101,1377,2,crd,2003,2004,crd-2004
Larry Fitzgerald,WR,58,780,4,crd,2004,2005,crd-2005
Larry Fitzgerald*,WR,103,1409,2,crd,2005,2006,crd-2006
Anquan Boldin*,WR,83,1203,3,crd,2006,2007,crd-2007
Larry Fitzgerald*,WR,100,1409,2,crd,2007,2008,crd-2008
Larry Fitzgerald*+,WR,96,1431,2,crd,2008,2009,crd-2009
Larry Fitzgerald*,WR,97,1092,3,crd,2009,2010,crd-2010
Larry Fitzgerald*,WR,90,1137,3,crd,2010,2011,crd-2011
Larry Fitzgerald*,WR,80,1411,2,crd,2011,2012,crd-2012
Larry Fitzgerald*,WR,71,798,4,crd,2012,2013,crd-2013
Michael Floyd,WR,65,1041,3,crd,2013,2014,crd-2014
Michael Floyd,WR,47,841,4,crd,2014,2015,crd-2015
Larry Fitzgerald*,WR,109,1215,3,crd,2015,2016,crd-2016
Larry Fitzgerald*,WR,107,1023,3,crd,2016,2017,crd-2017
Larry Fitzgerald*,WR,109,1156,3,crd,2017,2018,crd-2018
Larry Fitzgerald,WR,69,734,4,crd,2018,2019,crd-2019
Larry Fitzgerald,WR,75,804,4,crd,2019,2020,crd-2020
DeAndre Hopkins*,WR,115,1407,2,crd,2020,2021,crd-2021
Christian Kirk,wr,47,603,5,crd,2021,2022,crd-2022
Brian Finneran,WR,56,838,4,atl,2002,2003,atl-2003
Peerless Price,WR,64,838,4,atl,2003,2004,atl-2004
Alge Crumpler*,TE,48,774,4,atl,2004,2005,atl-2005
Alge Crumpler*,TE,65,877,4,atl,2005,2006,atl-2006
Alge Crumpler*,TE,56,780,4,atl,2006,2007,atl-2007
Roddy White,WR,83,1202,3,atl,2007,2008,atl-2008
Roddy White*,WR,88,1382,2,atl,2008,2009,atl-2009
Roddy White*,WR,85,1153,3,atl,2009,2010,atl-2010
Roddy White*+,WR,115,1389,2,atl,2010,2011,atl-2011
Roddy White*,WR,100,1296,2,atl,2011,2012,atl-2012
Roddy White,WR,92,1351,2,atl,2012,2013,atl-2013
Harry Douglas,WR,85,1067,3,atl,2013,2014,atl-2014
Julio Jones*,WR,104,1593,1,atl,2014,2015,atl-2015
Julio Jones*+,WR,136,1871,1,atl,2015,2016,atl-2016
Julio Jones*+,WR,83,1409,2,atl,2016,2017,atl-2017
Julio Jones*,WR,88,1444,2,atl,2017,2018,atl-2018
Julio Jones*,WR,113,1677,1,atl,2018,2019,atl-2019
Julio Jones*,WR,99,1394,2,atl,2019,2020,atl-2020
Calvin Ridley,WR,90,1374,2,atl,2020,2021,atl-2021
Kyle Pitts,te,40,606,5,atl,2021,2022,atl-2022
Travis Taylor,WR,61,869,4,rav,2002,2003,rav-2003
Todd Heap*,TE,57,693,4,rav,2003,2004,rav-2004
Travis Taylor,WR,34,421,5,rav,2004,2005,rav-2005
Derrick Mason,WR,86,1073,3,rav,2005,2006,rav-2006
Mark Clayton,WR,67,939,3,rav,2006,2007,rav-2007
Derrick Mason,WR,103,1087,3,rav,2007,2008,rav-2008
Derrick Mason,WR,80,1037,3,rav,2008,2009,rav-2009
Derrick Mason,WR,73,1028,3,rav,2009,2010,rav-2010
Anquan Boldin,WR,64,837,4,rav,2010,2011,rav-2011
Anquan Boldin,WR,57,887,4,rav,2011,2012,rav-2012
Anquan Boldin,WR,65,921,4,rav,2012,2013,rav-2013
Torrey Smith,WR,65,1128,3,rav,2013,2014,rav-2014
Steve Smith,WR,79,1065,3,rav,2014,2015,rav-2015
Kamar Aiken,WR,75,944,3,rav,2015,2016,rav-2016
Mike Wallace,WR,72,1017,3,rav,2016,2017,rav-2017
Mike Wallace,WR,52,748,4,rav,2017,2018,rav-2018
John Brown,WR,42,715,4,rav,2018,2019,rav-2019
Mark Andrews*,,64,852,4,rav,2019,2020,rav-2020
Marquise Brown,WR,58,769,4,rav,2020,2021,rav-2021
Marquise Brown,wr,52,719,4,rav,2021,2022,rav-2022
Eric Moulds*,WR,100,1292,2,buf,2002,2003,buf-2003
Eric Moulds,WR,64,780,4,buf,2003,2004,buf-2004
Eric Moulds,WR,88,1043,3,buf,2004,2005,buf-2005
Eric Moulds,WR,81,816,4,buf,2005,2006,buf-2006
Lee Evans,WR,82,1292,2,buf,2006,2007,buf-2007
Lee Evans,WR,55,849,4,buf,2007,2008,buf-2008
Lee Evans,WR,63,1017,3,buf,2008,2009,buf-2009
Terrell Owens,WR,55,829,4,buf,2009,2010,buf-2010
Steve Johnson,WR,82,1073,3,buf,2010,2011,buf-2011
Steve Johnson,WR,76,1004,3,buf,2011,2012,buf-2012
Steve Johnson,WR,79,1046,3,buf,2012,2013,buf-2013
Scott Chandler,TE,53,655,5,buf,2013,2014,buf-2014
Sammy Watkins,WR,65,982,3,buf,2014,2015,buf-2015
Sammy Watkins,WR,60,1047,3,buf,2015,2016,buf-2016
Robert Woods,WR,51,613,5,buf,2016,2017,buf-2017
Charles Clay,TE,49,558,5,buf,2017,2018,buf-2018
Zay Jones,WR,56,652,5,buf,2018,2019,buf-2019
John Brown,WR,72,1060,3,buf,2019,2020,buf-2020
Stefon Diggs*+,WR,127,1535,1,buf,2020,2021,buf-2021
Stefon Diggs,wr,56,750,4,buf,2021,2022,buf-2022
Steve Smith,WR,54,872,4,car,2002,2003,car-2003
Steve Smith,WR,88,1110,3,car,2003,2004,car-2004
Muhsin Muhammad*+,WR,93,1405,2,car,2004,2005,car-2005
Steve Smith*+,WR,103,1563,1,car,2005,2006,car-2006
Steve Smith*,WR,83,1166,3,car,2006,2007,car-2007
Steve Smith,WR,87,1002,3,car,2007,2008,car-2008
Steve Smith*,WR,78,1421,2,car,2008,2009,car-2009
Steve Smith,WR,65,982,3,car,2009,2010,car-2010
Steve Smith,WR,46,554,5,car,2010,2011,car-2011
Steve Smith*,WR,79,1394,2,car,2011,2012,car-2012
Steve Smith,WR,73,1174,3,car,2012,2013,car-2013
Greg Olsen,TE,73,816,4,car,2013,2014,car-2014
Greg Olsen*,TE,84,1008,3,car,2014,2015,car-2015
Kelvin Benjamin,WR,73,1008,3,car,2014,2015,car-2015
Greg Olsen*,TE,77,1104,3,car,2015,2016,car-2016
Greg Olsen*,TE,80,1073,3,car,2016,2017,car-2017
Devin Funchess,WR,63,840,4,car,2017,2018,car-2018
Christian McCaffrey,RB,107,867,4,car,2018,2019,car-2019
D.J. Moore,WR,87,1175,3,car,2019,2020,car-2020
D.J. Moore,WR,66,1193,3,car,2020,2021,car-2021
D.J. Moore,wr,57,701,4,car,2021,2022,car-2022
Marty Booker*,WR,97,1189,3,chi,2002,2003,chi-2003
Marty Booker,WR,52,715,4,chi,2003,2004,chi-2004
David Terrell,WR,42,699,4,chi,2004,2005,chi-2005
Muhsin Muhammad,WR,64,750,4,chi,2005,2006,chi-2006
Muhsin Muhammad,WR,60,863,4,chi,2006,2007,chi-2007
Bernard Berrian,WR,71,951,3,chi,2007,2008,chi-2008
Devin Hester,WR,51,665,4,chi,2008,2009,chi-2009
Devin Hester,WR,57,757,4,chi,2009,2010,chi-2010
Johnny Knox,WR,51,960,3,chi,2010,2011,chi-2011
Johnny Knox,WR,37,727,4,chi,2011,2012,chi-2012
Brandon Marshall*+,WR,118,1508,1,chi,2012,2013,chi-2013
Alshon Jeffery*,WR,89,1421,2,chi,2013,2014,chi-2014
Alshon Jeffery,WR,85,1133,3,chi,2014,2015,chi-2015
Alshon Jeffery,WR,54,807,4,chi,2015,2016,chi-2016
Cameron Meredith,WR,66,888,4,chi,2016,2017,chi-2017
Kendall Wright,WR,59,614,5,chi,2017,2018,chi-2018
Allen Robinson,WR,55,754,4,chi,2018,2019,chi-2019
Allen Robinson,WR,98,1147,3,chi,2019,2020,chi-2020
Allen Robinson,WR,102,1250,2,chi,2020,2021,chi-2021
Darnell Mooney,wr,36,450,5,chi,2021,2022,chi-2022
Chad Johnson,WR,69,1166,3,cin,2002,2003,cin-2003
Chad Johnson*,WR,90,1355,2,cin,2003,2004,cin-2004
Chad Johnson*,WR,95,1274,2,cin,2004,2005,cin-2005
Chad Johnson*+,WR,97,1432,2,cin,2005,2006,cin-2006
Chad Johnson*+,WR,87,1369,2,cin,2006,2007,cin-2007
Chad Johnson*,WR,93,1440,2,cin,2007,2008,cin-2008
T.J. Houshmandzadeh,WR,92,904,4,cin,2008,2009,cin-2009
Chad Johnson*,WR,72,1047,3,cin,2009,2010,cin-2010
Terrell Owens,WR,72,983,3,cin,2010,2011,cin-2011
A.J. Green*,WR,65,1057,3,cin,2011,2012,cin-2012
A.J. Green*,WR,97,1350,2,cin,2012,2013,cin-2013
A.J. Green*,WR,98,1426,2,cin,2013,2014,cin-2014
A.J. Green*,WR,69,1041,3,cin,2014,2015,cin-2015
A.J. Green*,WR,86,1297,2,cin,2015,2016,cin-2016
A.J. Green*,WR,66,964,3,cin,2016,2017,cin-2017
A.J. Green*,WR,75,1078,3,cin,2017,2018,cin-2018
Tyler Boyd,WR,76,1028,3,cin,2018,2019,cin-2019
Tyler Boyd,WR,90,1046,3,cin,2019,2020,cin-2020
Tee Higgins,WR,67,908,4,cin,2020,2021,cin-2021
Ja'Marr Chase,wr,44,835,4,cin,2021,2022,cin-2022
Quincy Morgan,WR,56,964,3,cle,2002,2003,cle-2003
Dennis Northcutt,wr,62,729,4,cle,2003,2004,cle-2004
Dennis Northcutt,WR,55,806,4,cle,2004,2005,cle-2005
Antonio Bryant,WR,69,1009,3,cle,2005,2006,cle-2006
Braylon Edwards,WR,61,884,4,cle,2006,2007,cle-2007
Braylon Edwards*,WR,80,1289,2,cle,2007,2008,cle-2008
Braylon Edwards,WR,55,873,4,cle,2008,2009,cle-2009
Mohamed Massaquoi,WR,34,624,5,cle,2009,2010,cle-2010
Ben Watson,TE,68,763,4,cle,2010,2011,cle-2011
Greg Little,WR,61,709,4,cle,2011,2012,cle-2012
Josh Gordon,WR,50,805,4,cle,2012,2013,cle-2013
Josh Gordon*+,WR,87,1646,1,cle,2013,2014,cle-2014
Andrew Hawkins,WR,63,824,4,cle,2014,2015,cle-2015
Gary Barnidge*,TE,79,1043,3,cle,2015,2016,cle-2016
Terrelle Pryor,WR,77,1007,3,cle,2016,2017,cle-2017
Duke Johnson,,74,693,4,cle,2017,2018,cle-2018
Jarvis Landry*,WR,81,976,3,cle,2018,2019,cle-2019
Jarvis Landry*,WR,83,1174,3,cle,2019,2020,cle-2020
Jarvis Landry,WR,72,840,4,cle,2020,2021,cle-2021
David Njoku,te,22,352,5,cle,2021,2022,cle-2022
Joey Galloway,WR,61,908,4,dal,2002,2003,dal-2003
Terry Glenn,WR,52,754,4,dal,2003,2004,dal-2004
Keyshawn Johnson,WR,70,981,3,dal,2004,2005,dal-2005
Terry Glenn,WR,62,1136,3,dal,2005,2006,dal-2006
Terrell Owens,WR,85,1180,3,dal,2006,2007,dal-2007
Terrell Owens*+,WR,81,1355,2,dal,2007,2008,dal-2008
Terrell Owens,WR,69,1052,3,dal,2008,2009,dal-2009
Miles Austin*,WR,81,1320,2,dal,2009,2010,dal-2010
Miles Austin*,WR,69,1041,3,dal,2010,2011,dal-2011
Jason Witten,TE,79,942,3,dal,2011,2012,dal-2012
Dez Bryant,WR,92,1382,2,dal,2012,2013,dal-2013
Dez Bryant*,WR,93,1233,3,dal,2013,2014,dal-2014
Dez Bryant*+,WR,88,1320,2,dal,2014,2015,dal-2015
Terrance Williams,WR,52,840,4,dal,2015,2016,dal-2016
Cole Beasley,WR,75,833,4,dal,2016,2017,dal-2017
Dez Bryant,WR,69,838,4,dal,2017,2018,dal-2018
Amari Cooper*,WR,53,725,4,dal,2018,2019,dal-2019
Amari Cooper*,WR,79,1189,3,dal,2019,2020,dal-2020
Amari Cooper,WR,92,1114,3,dal,2020,2021,dal-2021
CeeDee Lamb,wr,47,726,4,dal,2021,2022,dal-2022
Rod Smith,WR,89,1027,3,den,2002,2003,den-2003
Rod Smith,WR,74,845,4,den,2003,2004,den-2004
Rod Smith,WR,79,1144,3,den,2004,2005,den-2005
Rod Smith*,WR,85,1105,3,den,2005,2006,den-2006
Javon Walker,WR,69,1084,3,den,2006,2007,den-2007
Brandon Marshall,WR,102,1325,2,den,2007,2008,den-2008
Brandon Marshall*,WR,104,1265,2,den,2008,2009,den-2009
Brandon Marshall*,WR,101,1120,3,den,2009,2010,den-2010
Brandon Lloyd*,WR,77,1448,2,den,2010,2011,den-2011
Eric Decker,WR,44,612,5,den,2011,2012,den-2012
Demaryius Thomas*,WR,94,1434,2,den,2012,2013,den-2013
Demaryius Thomas*,WR,92,1430,2,den,2013,2014,den-2014
Demaryius Thomas*,WR,111,1619,1,den,2014,2015,den-2015
Demaryius Thomas,WR,105,1304,2,den,2015,2016,den-2016
Demaryius Thomas*,WR,90,1083,3,den,2016,2017,den-2017
Demaryius Thomas,WR,83,949,3,den,2017,2018,den-2018
Emmanuel Sanders,WR,71,868,4,den,2018,2019,den-2019
Courtland Sutton*,WR,72,1112,3,den,2019,2020,den-2020
Jerry Jeudy,WR,52,856,4,den,2020,2021,den-2021
Courtland Sutton,wr,43,617,5,den,2021,2022,den-2022
Bill Schroeder,WR,36,595,5,det,2002,2003,det-2003
Az-Zahir Hakim,WR,49,449,5,det,2003,2004,det-2004
Roy Williams,WR,54,817,4,det,2004,2005,det-2005
Roy Williams,WR,45,687,4,det,2005,2006,det-2006
Roy Williams*,WR,82,1310,2,det,2006,2007,det-2007
Shaun McDonald,wr,79,943,3,det,2007,2008,det-2008
Calvin Johnson,WR,78,1331,2,det,2008,2009,det-2009
Calvin Johnson,WR,67,984,3,det,2009,2010,det-2010
Calvin Johnson*,WR,77,1120,3,det,2010,2011,det-2011
Calvin Johnson*+,WR,96,1681,1,det,2011,2012,det-2012
Calvin Johnson*+,WR,122,1964,1,det,2012,2013,det-2013
Calvin Johnson*+,WR,84,1492,1,det,2013,2014,det-2014
Golden Tate*,WR,99,1331,2,det,2014,2015,det-2015
Calvin Johnson*,WR,88,1214,3,det,2015,2016,det-2016
Golden Tate,WR,91,1077,3,det,2016,2017,det-2017
Marvin Jones,WR,61,1101,3,det,2017,2018,det-2018
Kenny Golladay,WR,70,1063,3,det,2018,2019,det-2019
Kenny Golladay*,WR,65,1190,3,det,2019,2020,det-2020
Marvin Jones,WR,76,978,3,det,2020,2021,det-2021
T.J. Hockenson,te,48,448,5,det,2021,2022,det-2022
Donald Driver*,WR,70,1064,3,gnb,2002,2003,gnb-2003
Javon Walker,,41,716,4,gnb,2003,2004,gnb-2004
Javon Walker*,WR,89,1382,2,gnb,2004,2005,gnb-2005
Donald Driver,WR,86,1221,3,gnb,2005,2006,gnb-2006
Donald Driver*,WR,92,1295,2,gnb,2006,2007,gnb-2007
Donald Driver*,WR,82,1048,3,gnb,2007,2008,gnb-2008
Greg Jennings,WR,80,1292,2,gnb,2008,2009,gnb-2009
Greg Jennings,WR,68,1113,3,gnb,2009,2010,gnb-2010
Greg Jennings*,WR,76,1265,2,gnb,2010,2011,gnb-2011
Jordy Nelson,WR,68,1263,2,gnb,2011,2012,gnb-2012
Randall Cobb,WR,80,954,3,gnb,2012,2013,gnb-2013
Jordy Nelson,WR,85,1314,2,gnb,2013,2014,gnb-2014
Jordy Nelson*,WR,98,1519,1,gnb,2014,2015,gnb-2015
James Jones,WR,50,890,4,gnb,2015,2016,gnb-2016
Jordy Nelson,WR,97,1257,2,gnb,2016,2017,gnb-2017
Davante Adams*,WR,74,885,4,gnb,2017,2018,gnb-2018
Davante Adams*,WR,111,1386,2,gnb,2018,2019,gnb-2019
Davante Adams*,WR,83,997,3,gnb,2019,2020,gnb-2020
Davante Adams*+,WR,115,1374,2,gnb,2020,2021,gnb-2021
Davante Adams,wr,65,864,4,gnb,2021,2022,gnb-2022
Corey Bradford,WR,45,697,4,htx,2002,2003,htx-2003
Andre Johnson,WR,66,976,3,htx,2003,2004,htx-2004
Andre Johnson*,WR,79,1142,3,htx,2004,2005,htx-2005
Andre Johnson,WR,63,688,4,htx,2005,2006,htx-2006
Andre Johnson*,WR,103,1147,3,htx,2006,2007,htx-2007
Andre Johnson,WR,60,851,4,htx,2007,2008,htx-2008
Andre Johnson*+,WR,115,1575,1,htx,2008,2009,htx-2009
Andre Johnson*+,WR,101,1569,1,htx,2009,2010,htx-2010
Andre Johnson*,WR,86,1216,3,htx,2010,2011,htx-2011
Owen Daniels,TE,54,677,4,htx,2011,2012,htx-2012
Andre Johnson*,WR,112,1598,1,htx,2012,2013,htx-2013
Andre Johnson*,WR,109,1407,2,htx,2013,2014,htx-2014
DeAndre Hopkins,WR,76,1210,3,htx,2014,2015,htx-2015
DeAndre Hopkins*,WR,111,1521,1,htx,2015,2016,htx-2016
DeAndre Hopkins,WR,78,954,3,htx,2016,2017,htx-2017
DeAndre Hopkins*+,WR,96,1378,2,htx,2017,2018,htx-2018
DeAndre Hopkins*+,WR,115,1572,1,htx,2018,2019,htx-2019
DeAndre Hopkins*+,WR,104,1165,3,htx,2019,2020,htx-2020
Brandin Cooks,WR,81,1150,3,htx,2020,2021,htx-2021
Brandin Cooks,wr,57,641,5,htx,2021,2022,htx-2022
Marvin Harrison*+,WR,143,1722,1,clt,2002,2003,clt-2003
Marvin Harrison*,WR,94,1272,2,clt,2003,2004,clt-2004
Reggie Wayne,WR,77,1210,3,clt,2004,2005,clt-2005
Marvin Harrison*,WR,82,1146,3,clt,2005,2006,clt-2006
Marvin Harrison*+,WR,95,1366,2,clt,2006,2007,clt-2007
Reggie Wayne*,WR,104,1510,1,clt,2007,2008,clt-2008
Reggie Wayne*,WR,82,1145,3,clt,2008,2009,clt-2009
Reggie Wayne*,WR,100,1264,2,clt,2009,2010,clt-2010
Reggie Wayne*+,WR,111,1355,2,clt,2010,2011,clt-2011
Reggie Wayne,WR,75,960,3,clt,2011,2012,clt-2012
Reggie Wayne*,WR,106,1355,2,clt,2012,2013,clt-2013
T.Y. Hilton,WR,82,1083,3,clt,2013,2014,clt-2014
T.Y. Hilton*,WR,82,1345,2,clt,2014,2015,clt-2015
T.Y. Hilton*,WR,69,1124,3,clt,2015,2016,clt-2016
T.Y. Hilton*,WR,91,1448,2,clt,2016,2017,clt-2017
T.Y. Hilton*,WR,57,966,3,clt,2017,2018,clt-2018
T.Y. Hilton,WR,76,1270,2,clt,2018,2019,clt-2019
Zach Pascal,WR,41,607,5,clt,2019,2020,clt-2020
T.Y. Hilton,WR,56,762,4,clt,2020,2021,clt-2021
Michael Pittman Jr.,wr,55,729,4,clt,2021,2022,clt-2022
Jimmy Smith,WR,80,1027,3,jax,2002,2003,jax-2003
Jimmy Smith,WR,54,805,4,jax,2003,2004,jax-2004
Jimmy Smith,WR,74,1172,3,jax,2004,2005,jax-2005
Jimmy Smith,WR,70,1023,3,jax,2005,2006,jax-2006
Matt Jones,,41,643,5,jax,2006,2007,jax-2007
Reggie Williams,wr,38,629,5,jax,2007,2008,jax-2008
Matt Jones,WR,65,761,4,jax,2008,2009,jax-2009
Mike Sims-Walker,WR,63,869,4,jax,2009,2010,jax-2010
Mike Thomas,WR,66,820,4,jax,2010,2011,jax-2011
Marcedes Lewis,TE,39,460,5,jax,2011,2012,jax-2012
Cecil Shorts,WR,55,979,3,jax,2012,2013,jax-2013
Cecil Shorts,WR,66,777,4,jax,2013,2014,jax-2014
Allen Hurns,WR,51,677,4,jax,2014,2015,jax-2015
Allen Robinson*,WR,80,1400,2,jax,2015,2016,jax-2016
Allen Robinson,WR,73,883,4,jax,2016,2017,jax-2017
Keelan Cole,wr,42,748,4,jax,2017,2018,jax-2018
Dede Westbrook,wr,66,717,4,jax,2018,2019,jax-2019
DJ Chark*,WR,73,1008,3,jax,2019,2020,jax-2020
DJ Chark,WR,53,706,4,jax,2020,2021,jax-2021
Marvin Jones,wr,38,434,5,jax,2021,2022,jax-2022
Eddie Kennison,WR,53,906,4,kan,2002,2003,kan-2003
Tony Gonzalez*+,TE,71,916,4,kan,2003,2004,kan-2004
Tony Gonzalez*,TE,102,1258,2,kan,2004,2005,kan-2005
Eddie Kennison,WR,68,1102,3,kan,2005,2006,kan-2006
Tony Gonzalez*,TE,73,900,4,kan,2006,2007,kan-2007
Tony Gonzalez*,TE,99,1172,3,kan,2007,2008,kan-2008
Tony Gonzalez*+,TE,96,1058,3,kan,2008,2009,kan-2009
Chris Chambers,WR,36,608,5,kan,2009,2010,kan-2010
Dwayne Bowe*,WR,72,1162,3,kan,2010,2011,kan-2011
Dwayne Bowe,WR,81,1159,3,kan,2011,2012,kan-2012
Dwayne Bowe,WR,59,801,4,kan,2012,2013,kan-2013
Jamaal Charles*+,RB,70,693,4,kan,2013,2014,kan-2014
Travis Kelce,TE,67,862,4,kan,2014,2015,kan-2015
Jeremy Maclin,WR,87,1088,3,kan,2015,2016,kan-2016
Travis Kelce*+,TE,85,1125,3,kan,2016,2017,kan-2017
Tyreek Hill*,WR,75,1183,3,kan,2017,2018,kan-2018
Tyreek Hill*+,WR,87,1479,1,kan,2018,2019,kan-2019
Travis Kelce*,TE,97,1229,3,kan,2019,2020,kan-2020
Travis Kelce*+,TE,105,1416,2,kan,2020,2021,kan-2021
Tyreek Hill,wr,75,855,4,kan,2021,2022,kan-2022
Curtis Conway,WR,57,852,4,sdg,2002,2003,sdg-2003
David Boston,WR,70,880,4,sdg,2003,2004,sdg-2004
Antonio Gates*+,TE,81,964,3,sdg,2004,2005,sdg-2005
Antonio Gates*+,TE,89,1101,3,sdg,2005,2006,sdg-2006
Antonio Gates*+,TE,71,924,4,sdg,2006,2007,sdg-2007
Antonio Gates*,TE,75,984,3,sdg,2007,2008,sdg-2008
Vincent Jackson,WR,59,1098,3,sdg,2008,2009,sdg-2009
Vincent Jackson*,WR,68,1167,3,sdg,2009,2010,sdg-2010
Antonio Gates*,TE,50,782,4,sdg,2010,2011,sdg-2011
Vincent Jackson*,WR,60,1106,3,sdg,2011,2012,sdg-2012
Malcom Floyd,WR,56,814,4,sdg,2012,2013,sdg-2013
Keenan Allen,WR,71,1046,3,sdg,2013,2014,sdg-2014
Malcom Floyd,WR,52,856,4,sdg,2014,2015,sdg-2015
Danny Woodhead,,80,755,4,sdg,2015,2016,sdg-2016
Tyrell Williams,WR,69,1059,3,sdg,2016,2017,sdg-2017
Keenan Allen*,WR,102,1393,2,sdg,2017,2018,sdg-2018
Keenan Allen*,WR,97,1196,3,sdg,2018,2019,sdg-2019
Keenan Allen*,WR,104,1199,3,sdg,2019,2020,sdg-2020
Keenan Allen*,WR,100,992,3,sdg,2020,2021,sdg-2021
Keenan Allen,wr,65,698,4,sdg,2021,2022,sdg-2022
Torry Holt,WR,91,1302,2,ram,2002,2003,ram-2003
Torry Holt*+,WR,117,1696,1,ram,2003,2004,ram-2004
Torry Holt*,WR,94,1372,2,ram,2004,2005,ram-2005
Torry Holt*,WR,102,1331,2,ram,2005,2006,ram-2006
Torry Holt*,WR,93,1188,3,ram,2006,2007,ram-2007
Torry Holt*,WR,93,1189,3,ram,2007,2008,ram-2008
Torry Holt,WR,64,796,4,ram,2008,2009,ram-2009
Donnie Avery,WR,47,589,5,ram,2009,2010,ram-2010
Danny Amendola,wr,85,689,4,ram,2010,2011,ram-2011
Brandon Lloyd,WR,51,683,4,ram,2011,2012,ram-2012
Chris Givens,WR,42,698,4,ram,2012,2013,ram-2013
Jared Cook,TE,51,671,4,ram,2013,2014,ram-2014
Kenny Britt,WR,48,748,4,ram,2014,2015,ram-2015
Kenny Britt,WR,36,681,4,ram,2015,2016,ram-2016
Kenny Britt,WR,68,1002,3,ram,2016,2017,ram-2017
Cooper Kupp,wr,62,869,4,ram,2017,2018,ram-2018
Robert Woods,WR,86,1219,3,ram,2018,2019,ram-2019
Cooper Kupp,WR,94,1161,3,ram,2019,2020,ram-2020
Cooper Kupp,WR,92,974,3,ram,2020,2021,ram-2021
Cooper Kupp,wr,74,1019,3,ram,2021,2022,ram-2022
Chris Chambers,WR,52,734,4,mia,2002,2003,mia-2003
Chris Chambers,WR,64,963,3,mia,2003,2004,mia-2004
Chris Chambers,WR,69,898,4,mia,2004,2005,mia-2005
Chris Chambers*,WR,82,1118,3,mia,2005,2006,mia-2006
Marty Booker,WR,55,747,4,mia,2006,2007,mia-2007
Marty Booker,WR,50,556,5,mia,2007,2008,mia-2008
Ted Ginn Jr.,WR,56,790,4,mia,2008,2009,mia-2009
Davone Bess,,76,758,4,mia,2009,2010,mia-2010
Brandon Marshall,WR,86,1014,3,mia,2010,2011,mia-2011
Brandon Marshall*,WR,81,1214,3,mia,2011,2012,mia-2012
Brian Hartline,WR,74,1083,3,mia,2012,2013,mia-2013
Brian Hartline,WR,76,1016,3,mia,2013,2014,mia-2014
Mike Wallace,WR,67,862,4,mia,2014,2015,mia-2015
Jarvis Landry*,WR,110,1157,3,mia,2015,2016,mia-2016
Jarvis Landry*,WR,94,1136,3,mia,2016,2017,mia-2017
Jarvis Landry*,WR,112,987,3,mia,2017,2018,mia-2018
Danny Amendola,WR,59,575,5,mia,2018,2019,mia-2019
DeVante Parker,WR,72,1202,3,mia,2019,2020,mia-2020
DeVante Parker,WR,63,793,4,mia,2020,2021,mia-2021
Jaylen Waddle,wr,60,557,5,mia,2021,2022,mia-2022
Randy Moss*,WR,106,1347,2,min,2002,2003,min-2003
Randy Moss*+,WR,111,1632,1,min,2003,2004,min-2004
Nate Burleson,WR,68,1006,3,min,2004,2005,min-2005
Travis Taylor,WR,50,604,5,min,2005,2006,min-2006
Travis Taylor,WR,57,651,5,min,2006,2007,min-2007
Bobby Wade,WR,54,647,5,min,2007,2008,min-2008
Bernard Berrian,WR,48,964,3,min,2008,2009,min-2009
Sidney Rice*,WR,83,1312,2,min,2009,2010,min-2010
Percy Harvin,WR,71,868,4,min,2010,2011,min-2011
Percy Harvin,WR,87,967,3,min,2011,2012,min-2012
Percy Harvin,WR,62,677,4,min,2012,2013,min-2013
Greg Jennings,WR,68,804,4,min,2013,2014,min-2014
Greg Jennings,WR,59,742,4,min,2014,2015,min-2015
Stefon Diggs,WR,52,720,4,min,2015,2016,min-2016
Adam Thielen,WR,69,967,3,min,2016,2017,min-2017
Adam Thielen*,WR,91,1276,2,min,2017,2018,min-2018
Adam Thielen*,WR,113,1373,2,min,2018,2019,min-2019
Stefon Diggs,WR,63,1130,3,min,2019,2020,min-2020
Justin Jefferson*,WR,88,1400,2,min,2020,2021,min-2021
Justin Jefferson,wr,55,775,4,min,2021,2022,min-2022
Troy Brown,WR,97,890,4,nwe,2002,2003,nwe-2003
Deion Branch,WR,57,803,4,nwe,2003,2004,nwe-2004
David Givens,WR,56,874,4,nwe,2004,2005,nwe-2005
Deion Branch,WR,78,998,3,nwe,2005,2006,nwe-2006
Reche Caldwell,WR,61,760,4,nwe,2006,2007,nwe-2007
Randy Moss*+,WR,98,1493,1,nwe,2007,2008,nwe-2008
Wes Welker*,WR,111,1165,3,nwe,2008,2009,nwe-2009
Wes Welker*+,WR,123,1348,2,nwe,2009,2010,nwe-2010
Wes Welker*,WR,86,848,4,nwe,2010,2011,nwe-2011
Wes Welker*+,WR,122,1569,1,nwe,2011,2012,nwe-2012
Wes Welker*,WR,118,1354,2,nwe,2012,2013,nwe-2013
Julian Edelman,WR,105,1056,3,nwe,2013,2014,nwe-2014
Rob Gronkowski*+,TE,82,1124,3,nwe,2014,2015,nwe-2015
Rob Gronkowski*+,TE,72,1176,3,nwe,2015,2016,nwe-2016
Julian Edelman,WR,98,1106,3,nwe,2016,2017,nwe-2017
Rob Gronkowski*+,TE,69,1084,3,nwe,2017,2018,nwe-2018
Julian Edelman,WR,74,850,4,nwe,2018,2019,nwe-2019
Julian Edelman,WR,100,1117,3,nwe,2019,2020,nwe-2020
Jakobi Meyers,wr,59,729,4,nwe,2020,2021,nwe-2021
Kendrick Bourne,wr,33,520,5,nwe,2021,2022,nwe-2022
Joe Horn*,WR,88,1312,2,nor,2002,2003,nor-2003
Joe Horn,WR,78,973,3,nor,2003,2004,nor-2004
Joe Horn*,WR,94,1399,2,nor,2004,2005,nor-2005
Donte' Stallworth,WR,70,945,3,nor,2005,2006,nor-2006
Marques Colston,WR,70,1038,3,nor,2006,2007,nor-2007
Marques Colston,WR,98,1202,3,nor,2007,2008,nor-2008
Lance Moore,WR,79,928,4,nor,2008,2009,nor-2009
Marques Colston,WR,70,1074,3,nor,2009,2010,nor-2010
Marques Colston,WR,84,1023,3,nor,2010,2011,nor-2011
Jimmy Graham*,TE,99,1310,2,nor,2011,2012,nor-2012
Marques Colston,WR,83,1154,3,nor,2012,2013,nor-2013
Jimmy Graham*+,TE,86,1215,3,nor,2013,2014,nor-2014
Kenny Stills,wr,63,931,3,nor,2014,2015,nor-2015
Brandin Cooks,WR,84,1138,3,nor,2015,2016,nor-2016
Brandin Cooks,WR,78,1173,3,nor,2016,2017,nor-2017
Michael Thomas*,WR,104,1245,2,nor,2017,2018,nor-2018
Michael Thomas*+,WR,125,1405,2,nor,2018,2019,nor-2019
Michael Thomas*+,WR,149,1725,1,nor,2019,2020,nor-2020
Alvin Kamara*,RB,83,756,4,nor,2020,2021,nor-2021
Deonte Harris,,24,407,5,nor,2021,2022,nor-2022
Amani Toomer,WR,82,1343,2,nyg,2002,2003,nyg-2003
Amani Toomer,WR,63,1057,3,nyg,2003,2004,nyg-2004
Amani Toomer,WR,51,747,4,nyg,2004,2005,nyg-2005
Plaxico Burress,WR,76,1214,3,nyg,2005,2006,nyg-2006
Plaxico Burress,WR,63,988,3,nyg,2006,2007,nyg-2007
Plaxico Burress,WR,70,1025,3,nyg,2007,2008,nyg-2008
Domenik Hixon,wr,43,596,5,nyg,2008,2009,nyg-2009
Steve Smith*,WR,107,1220,3,nyg,2009,2010,nyg-2010
Hakeem Nicks,WR,79,1052,3,nyg,2010,2011,nyg-2011
Victor Cruz,wr,82,1536,1,nyg,2011,2012,nyg-2012
Victor Cruz*,WR,86,1092,3,nyg,2012,2013,nyg-2013
Victor Cruz,WR,73,998,3,nyg,2013,2014,nyg-2014
Odell Beckham Jr.*,WR,91,1305,2,nyg,2014,2015,nyg-2015
Odell Beckham Jr.*,WR,96,1450,2,nyg,2015,2016,nyg-2016
Odell Beckham Jr.*,WR,101,1367,2,nyg,2016,2017,nyg-2017
Sterling Shepard,WR,59,731,4,nyg,2017,2018,nyg-2018
Odell Beckham Jr.,WR,77,1052,3,nyg,2018,2019,nyg-2019
Darius Slayton,WR,48,740,4,nyg,2019,2020,nyg-2020
Darius Slayton,WR,50,751,4,nyg,2020,2021,nyg-2021
Kadarius Toney,wr,28,352,5,nyg,2021,2022,nyg-2022
Laveranues Coles,WR,89,1264,2,nyj,2002,2003,nyj-2003
Santana Moss,WR,74,1105,3,nyj,2003,2004,nyj-2004
Santana Moss,WR,45,838,4,nyj,2004,2005,nyj-2005
Laveranues Coles,WR,73,845,4,nyj,2005,2006,nyj-2006
Laveranues Coles,WR,91,1098,3,nyj,2006,2007,nyj-2007
Jerricho Cotchery,WR,82,1130,3,nyj,2007,2008,nyj-2008
Jerricho Cotchery,WR,71,858,4,nyj,2008,2009,nyj-2009
Jerricho Cotchery,WR,57,821,4,nyj,2009,2010,nyj-2010
Braylon Edwards,WR,53,904,4,nyj,2010,2011,nyj-2011
Dustin Keller,TE,65,815,4,nyj,2011,2012,nyj-2012
Jeremy Kerley,WR,56,827,4,nyj,2012,2013,nyj-2013
Jeremy Kerley,WR,43,523,5,nyj,2013,2014,nyj-2014
Eric Decker,WR,74,962,3,nyj,2014,2015,nyj-2015
Brandon Marshall*,WR,109,1502,1,nyj,2015,2016,nyj-2016
Quincy Enunwa,WR,58,857,4,nyj,2016,2017,nyj-2017
Robby Anderson,WR,63,941,3,nyj,2017,2018,nyj-2018
Robby Anderson,WR,50,752,4,nyj,2018,2019,nyj-2019
Jamison Crowder,WR,78,833,4,nyj,2019,2020,nyj-2020
Jamison Crowder,WR,59,699,4,nyj,2020,2021,nyj-2021
Corey Davis,wr,29,442,5,nyj,2021,2022,nyj-2022
Jerry Rice*,WR,92,1211,3,rai,2002,2003,rai-2003
Jerry Rice,WR,63,869,4,rai,2003,2004,rai-2004
Jerry Porter,WR,64,998,3,rai,2004,2005,rai-2005
Randy Moss,WR,60,1005,3,rai,2005,2006,rai-2006
Ronald Curry,,62,727,4,rai,2006,2007,rai-2007
Ronald Curry,WR,55,717,4,rai,2007,2008,rai-2008
Zach Miller,TE,56,778,4,rai,2008,2009,rai-2009
Zach Miller,TE,66,805,4,rai,2009,2010,rai-2010
Zach Miller*,TE,60,685,4,rai,2010,2011,rai-2011
Darrius Heyward-Bey,WR,64,975,3,rai,2011,2012,rai-2012
Brandon Myers,TE,79,806,4,rai,2012,2013,rai-2013
Rod Streater,WR,60,888,4,rai,2013,2014,rai-2014
Andre Holmes,WR,47,693,4,rai,2014,2015,rai-2015
Amari Cooper*,WR,72,1070,3,rai,2015,2016,rai-2016
Amari Cooper*,WR,83,1153,3,rai,2016,2017,rai-2017
Jared Cook,TE,54,688,4,rai,2017,2018,rai-2018
Jared Cook*,TE,68,896,4,rai,2018,2019,rai-2019
Darren Waller,TE,90,1145,3,rai,2019,2020,rai-2020
Darren Waller*,TE,107,1196,3,rai,2020,2021,rai-2021
Hunter Renfrow,wr,52,494,5,rai,2021,2022,rai-2022
Darren Waller,te,44,494,5,rai,2021,2022,rai-2022
Todd Pinkston,WR,60,798,4,phi,2002,2003,phi-2003
Todd Pinkston,WR,36,575,5,phi,2003,2004,phi-2004
Terrell Owens*+,WR,77,1200,3,phi,2004,2005,phi-2005
Terrell Owens,wr,47,763,4,phi,2005,2006,phi-2006
Reggie Brown,WR,46,816,4,phi,2006,2007,phi-2007
Kevin Curtis,WR,77,1110,3,phi,2007,2008,phi-2008
DeSean Jackson,WR,62,912,4,phi,2008,2009,phi-2009
DeSean Jackson*,WR,62,1156,3,phi,2009,2010,phi-2010
DeSean Jackson*,WR,47,1056,3,phi,2010,2011,phi-2011
DeSean Jackson,WR,58,961,3,phi,2011,2012,phi-2012
Jeremy Maclin,WR,69,857,4,phi,2012,2013,phi-2013
DeSean Jackson*,WR,82,1332,2,phi,2013,2014,phi-2014
Jeremy Maclin,WR,85,1318,2,phi,2014,2015,phi-2015
Jordan Matthews,WR,85,997,3,phi,2015,2016,phi-2016
Zach Ertz,TE,78,816,4,phi,2016,2017,phi-2017
Zach Ertz*,TE,74,824,4,phi,2017,2018,phi-2018
Zach Ertz*,TE,116,1163,3,phi,2018,2019,phi-2019
Zach Ertz*,TE,88,916,4,phi,2019,2020,phi-2020
Travis Fulgham,WR,38,539,5,phi,2020,2021,phi-2021
DeVonta Smith,wr,42,603,5,phi,2021,2022,phi-2022
Hines Ward*,WR,112,1329,2,pit,2002,2003,pit-2003
Hines Ward*,WR,95,1163,3,pit,2003,2004,pit-2004
Hines Ward*,WR,80,1004,3,pit,2004,2005,pit-2005
Hines Ward,WR,69,975,3,pit,2005,2006,pit-2006
Hines Ward,WR,74,975,3,pit,2006,2007,pit-2007
Santonio Holmes,WR,52,942,3,pit,2007,2008,pit-2008
Hines Ward,WR,81,1043,3,pit,2008,2009,pit-2009
Santonio Holmes,WR,79,1248,2,pit,2009,2010,pit-2010
Mike Wallace,WR,60,1257,2,pit,2010,2011,pit-2011
Mike Wallace*,WR,72,1193,3,pit,2011,2012,pit-2012
Mike Wallace,WR,64,836,4,pit,2012,2013,pit-2013
Antonio Brown*,WR,110,1499,1,pit,2013,2014,pit-2014
Antonio Brown*+,WR,129,1698,1,pit,2014,2015,pit-2015
Antonio Brown*+,WR,136,1834,1,pit,2015,2016,pit-2016
Antonio Brown*+,WR,106,1284,2,pit,2016,2017,pit-2017
Antonio Brown*+,WR,101,1533,1,pit,2017,2018,pit-2018
JuJu Smith-Schuster*,WR,111,1426,2,pit,2018,2019,pit-2019
James Washington,WR,44,735,4,pit,2019,2020,pit-2020
Diontae Johnson,WR,88,923,4,pit,2020,2021,pit-2021
Diontae Johnson,wr,52,613,5,pit,2021,2022,pit-2022
Terrell Owens*+,WR,100,1300,2,sfo,2002,2003,sfo-2003
Terrell Owens*,WR,80,1102,3,sfo,2003,2004,sfo-2004
Eric Johnson,TE,82,825,4,sfo,2004,2005,sfo-2005
Brandon Lloyd,WR,48,733,4,sfo,2005,2006,sfo-2006
Antonio Bryant,WR,40,733,4,sfo,2006,2007,sfo-2007
Arnaz Battle,WR,50,600,5,sfo,2007,2008,sfo-2008
Isaac Bruce,WR,61,835,4,sfo,2008,2009,sfo-2009
Vernon Davis*,TE,78,965,3,sfo,2009,2010,sfo-2010
Vernon Davis,TE,56,914,4,sfo,2010,2011,sfo-2011
Michael Crabtree,WR,72,874,4,sfo,2011,2012,sfo-2012
Michael Crabtree,WR,85,1105,3,sfo,2012,2013,sfo-2013
Anquan Boldin,WR,85,1179,3,sfo,2013,2014,sfo-2014
Anquan Boldin,WR,83,1062,3,sfo,2014,2015,sfo-2015
Anquan Boldin,WR,69,789,4,sfo,2015,2016,sfo-2016
Jeremy Kerley,WR,64,667,4,sfo,2016,2017,sfo-2017
Marquise Goodwin,WR,56,962,3,sfo,2017,2018,sfo-2018
George Kittle*,TE,88,1377,2,sfo,2018,2019,sfo-2019
George Kittle*+,TE,85,1053,3,sfo,2019,2020,sfo-2020
Brandon Aiyuk,WR,60,748,4,sfo,2020,2021,sfo-2021
Deebo Samuel,wr,49,882,4,sfo,2021,2022,sfo-2022
Koren Robinson,WR,78,1240,2,sea,2002,2003,sea-2003
Darrell Jackson,WR,68,1137,3,sea,2003,2004,sea-2004
Darrell Jackson,WR,87,1199,3,sea,2004,2005,sea-2005
Bobby Engram,WR,67,778,4,sea,2005,2006,sea-2006
Darrell Jackson,WR,63,956,3,sea,2006,2007,sea-2007
Bobby Engram,WR,94,1147,3,sea,2007,2008,sea-2008
John Carlson,TE,55,627,5,sea,2008,2009,sea-2009
T.J. Houshmandzadeh,WR,79,911,4,sea,2009,2010,sea-2010
Mike Williams,WR,65,751,4,sea,2010,2011,sea-2011
Doug Baldwin,,51,788,4,sea,2011,2012,sea-2012
Sidney Rice,WR,50,748,4,sea,2012,2013,sea-2013
Golden Tate,WR,64,898,4,sea,2013,2014,sea-2014
Doug Baldwin,WR,66,825,4,sea,2014,2015,sea-2015
Doug Baldwin,WR,78,1069,3,sea,2015,2016,sea-2016
Doug Baldwin*,WR,94,1128,3,sea,2016,2017,sea-2017
Doug Baldwin*,WR,75,991,3,sea,2017,2018,sea-2018
Tyler Lockett,WR,57,965,3,sea,2018,2019,sea-2019
Tyler Lockett,WR,82,1057,3,sea,2019,2020,sea-2020
D.K. Metcalf*,WR,83,1303,2,sea,2020,2021,sea-2021
D.K. Metcalf,wr,42,606,5,sea,2021,2022,sea-2022
Keyshawn Johnson,WR,76,1088,3,tam,2002,2003,tam-2003
Keenan McCardell*,WR,84,1174,3,tam,2003,2004,tam-2004
Michael Clayton,WR,80,1193,3,tam,2004,2005,tam-2005
Joey Galloway,WR,83,1287,2,tam,2005,2006,tam-2006
Joey Galloway,WR,62,1057,3,tam,2006,2007,tam-2007
Joey Galloway,WR,57,1014,3,tam,2007,2008,tam-2008
Antonio Bryant,WR,83,1248,2,tam,2008,2009,tam-2009
Kellen Winslow,TE,77,884,4,tam,2009,2010,tam-2010
Mike Williams,WR,65,964,3,tam,2010,2011,tam-2011
Mike Williams,WR,65,771,4,tam,2011,2012,tam-2012
Vincent Jackson*,WR,72,1384,2,tam,2012,2013,tam-2013
Vincent Jackson,WR,78,1224,3,tam,2013,2014,tam-2014
Mike Evans,WR,68,1051,3,tam,2014,2015,tam-2015
Mike Evans,WR,74,1206,3,tam,2015,2016,tam-2016
Mike Evans*,WR,96,1321,2,tam,2016,2017,tam-2017
Mike Evans,WR,71,1001,3,tam,2017,2018,tam-2018
Mike Evans*,WR,86,1524,1,tam,2018,2019,tam-2019
Chris Godwin*,WR,86,1333,2,tam,2019,2020,tam-2020
Mike Evans,WR,70,1006,3,tam,2020,2021,tam-2021
Chris Godwin,wr,57,717,4,tam,2021,2022,tam-2022
Derrick Mason,WR,79,1012,3,oti,2002,2003,oti-2003
Derrick Mason*,WR,95,1303,2,oti,2003,2004,oti-2004
Drew Bennett,WR,80,1247,2,oti,2004,2005,oti-2005
Drew Bennett,WR,58,738,4,oti,2005,2006,oti-2006
Drew Bennett,WR,46,737,4,oti,2006,2007,oti-2007
Justin Gage,wr,55,750,4,oti,2007,2008,oti-2008
Justin Gage,WR,34,651,5,oti,2008,2009,oti-2009
Kenny Britt,wr,42,701,4,oti,2009,2010,oti-2010
Kenny Britt,WR,42,775,4,oti,2010,2011,oti-2011
Nate Washington,WR,74,1023,3,oti,2011,2012,oti-2012
Nate Washington,WR,46,746,4,oti,2012,2013,oti-2013
Kendall Wright,WR,94,1079,3,oti,2013,2014,oti-2014
Delanie Walker,TE,63,890,4,oti,2014,2015,oti-2015
Delanie Walker*,TE,94,1088,3,oti,2015,2016,oti-2016
Rishard Matthews,WR,65,945,3,oti,2016,2017,oti-2017
Delanie Walker*,TE,74,807,4,oti,2017,2018,oti-2018
Corey Davis,WR,65,891,4,oti,2018,2019,oti-2019
A.J. Brown,WR,52,1051,3,oti,2019,2020,oti-2020
A.J. Brown*,WR,70,1075,3,oti,2020,2021,oti-2021
A.J. Brown,wr,41,567,5,oti,2021,2022,oti-2022
Rod Gardner,WR,71,1006,3,was,2002,2003,was-2003
Laveranues Coles*,WR,82,1204,3,was,2003,2004,was-2004
Laveranues Coles,WR,90,950,3,was,2004,2005,was-2005
Santana Moss*,WR,84,1483,1,was,2005,2006,was-2006
Santana Moss,WR,55,790,4,was,2006,2007,was-2007
Santana Moss,WR,61,808,4,was,2007,2008,was-2008
Santana Moss,WR,79,1044,3,was,2008,2009,was-2009
Santana Moss,WR,70,902,4,was,2009,2010,was-2010
Santana Moss,WR,93,1115,3,was,2010,2011,was-2011
Jabar Gaffney,WR,68,947,3,was,2011,2012,was-2012
Pierre Garcon,WR,44,633,5,was,2012,2013,was-2013
Pierre Garcon,WR,113,1346,2,was,2013,2014,was-2014
DeSean Jackson,WR,56,1169,3,was,2014,2015,was-2015
Jordan Reed,TE,87,952,3,was,2015,2016,was-2016
Pierre Garcon,WR,79,1041,3,was,2016,2017,was-2017
Jamison Crowder,WR,66,789,4,was,2017,2018,was-2018
Jordan Reed,TE,54,558,5,was,2018,2019,was-2019
Terry McLaurin,WR,58,919,4,was,2019,2020,was-2020
Terry McLaurin,WR,87,1118,3,was,2020,2021,was-2021
Terry McLaurin,wr,49,632,5,was,2021,2022,was-2022
